favorite_count,retweet_count,tweet_id,user_count
39467,8853,892420643555336193,3200889
33819,6514,892177421306343426,3200889
25461,4328,891815181378084864,3200889
42908,8964,891689557279858688,3200889
41048,9774,891327558926688256,3200889
20562,3261,891087950875897856,3200889
12041,2158,890971913173991426,3200889
56848,16716,890729181411237888,3200889
28226,4429,890609185150312448,3200889
32467,7711,890240255349198849,3200889
31166,7624,890006608113172480,3200889
28268,5156,889880896479866881,3200889
38818,8538,889665388333682689,3200889
27672,4735,889638837579907072,3200889
15359,2321,889531135344209921,3200889
25652,5637,889278841981685760,3200889
29611,4709,888917238123831296,3200889
26080,4559,888804989199671297,3200889
20290,3732,888554962724278272,3200889
22201,3653,888078434458587136,3200889
30779,5609,887705289381826560,3200890
46959,12082,887517139158093824,3200890
69871,18781,887473957103951883,3200890
34222,10737,887343217045368832,3200890
31061,6167,887101392804085760,3200890
35859,8084,886983233522544640,3200890
12306,3443,886736880519319552,3200890
22798,4610,886680336477933568,3200890
21524,3316,886366144734445568,3200890
117,4,886267009285017600,3200890
28469,6523,886258384151887873,3200890
0,108,886054160059072513,3200890
33382,7097,885984800019947520,3200890
36689,6683,885528943205470208,3200890
20788,3899,885518971528720385,3200890
0,19297,885311592912609280,3200890
22367,4556,885167619883638784,3200890
68152,16439,884925521741709313,3200890
28514,6096,884876753390489601,3200890
24765,5100,884562892145688576,3200890
27478,5856,884441805382717440,3200890
74423,21298,884247878851493888,3200890
20771,3128,884162670584377345,3200890
22349,3586,883838122936631299,3200890
46860,10407,883482846933004288,3200890
22986,3825,883360690899218434,3200890
37914,6949,883117836046086144,3200890
24445,4122,882992080364220416,3200890
28903,5134,882762694511734784,3200890
28382,6342,882627270321602560,3200890
45880,12118,882268110199369728,3200890
29900,5203,882045870035918850,3200890
24773,3533,881906580714921986,3200890
51522,11099,881666595344535552,3200890
129,7,881633300179243008,3200890
50199,16570,881536004380872706,3200890
23501,5358,881268444196462592,3200890
17346,2886,880935762899988482,3200890
21734,3989,880872448815771648,3200890
29075,6546,880465832366813184,3200890
27640,4436,880221127280381952,3200890
28150,4533,880095782870896641,3200890
22667,3642,879862464715927552,3200890
315,10,879674319642796034,3200890
23822,3323,879492040517615616,3200890
107956,45849,879415818425184262,3200891
17099,3261,879376492567855104,3200891
0,7181,879130579576475649,3200892
23022,4941,879050749262655488,3200892
19317,2812,879008229531029506,3200892
19763,4319,878776093423087618,3200892
30931,7582,878604707211726852,3200892
0,1349,878404777348136964,3200892
0,6965,878316110768087041,3200892
7913,1349,878281511006478336,3200892
42876,7181,878057613040115712,3200892
71144,17300,877736472329191424,3200892
0,83,877611172832227328,3200892
23258,3994,877556246731214848,3200892
27907,5414,877316821321428993,3200892
27755,5880,877201837425926144,3200892
21125,3506,876838120628539392,3200892
23869,4800,876537666061221889,3200892
19163,2511,876484053909872640,3200891
28490,4903,876120275196170240,3200891
25773,4497,875747767867523072,3200891
22185,5081,875144289856114688,3200891
27997,6342,875097192612077568,3200891
26022,4922,875021211251597312,3200891
28439,4875,874680097055178752,3200891
0,15546,874434818259525634,3200891
26651,4308,874296783580663808,3200891
23134,4125,874057562936811520,3200891
35501,11007,874012996292530176,3200891
0,12518,873697596434513921,3200891
24837,4143,873580283840344065,3200891
0,1667,873337748698140672,3200891
7467,1667,873213775632977920,3200891
28031,5669,872967104147763200,3200891
15029,3884,872820683541237760,3200891
0,31,872668790621863937,3200891
21309,3911,872620804844003328,3200891
41606,9429,872486979161796608,3200891
35085,6649,872261713294495745,3200891
35324,8549,872122724285648897,3200891
39090,11918,871879754684805121,3200891
20787,3678,871762521631449091,3200891
20730,3628,871515927908634625,3200891
0,5991,871166179821445120,3200891
21461,5764,871102520638267392,3200891
23255,3999,871032628920680449,3200891
33791,6393,870804317367881728,3200891
121,3,870726314365509632,3200891
12819,2817,870656317836468226,3200891
85011,27680,870374049280663552,3200891
22453,4384,870308999962521604,3200891
37771,8840,870063196459192321,3200891
0,25661,869988702071779329,3200891
43710,10663,869772420881756160,3200891
29116,6728,869702957897576449,3200891
16476,3327,869596645499047938,3200891
21112,4023,869227993411051520,3200891
55098,12518,868880397819494401,3200891
0,2240,868639477480148993,3200891
28295,6275,868622495443632128,3200891
10539,2240,868552278524837888,3200891
24964,4439,867900495410671616,3200891
35179,7788,867774946302451713,3200891
16755,2697,867421006826221569,3200891
0,135,867072653475098625,3200891
33420,8425,867051520902168576,3200891
0,32883,866816280283807744,3200891
20888,5168,866720684873056260,3200891
20070,3727,866686824827068416,3200891
106827,32883,866450705531457537,3200891
54720,15546,866334964761202691,3200891
0,8952,866094527597207552,3200891
26640,6008,865718153858494464,3200891
27530,5384,865359393868664832,3200891
29063,8209,865006731092295680,3200891
33651,9361,864873206498414592,3200891
15195,3266,864279568663928832,3200891
31459,9616,864197398364647424,3200891
21477,4441,863907417377173506,3200891
15935,4489,863553081350529029,3200891
0,2687,863471782782697472,3200891
24829,5664,863432100342583297,3200891
2363,105,863427515083354112,3200891
9094,1195,863079547188785154,3200891
8945,2687,863062471531167744,3200891
20011,5457,862831371563274240,3200891
17779,3809,862722525377298433,3200891
21492,5388,862457590147678208,3200891
66437,21840,862096992088072192,3200891
0,37911,861769973181624320,3200891
37744,11528,861383897657036800,3200891
18032,4479,861288531465048066,3200891
17538,4119,861005113778896900,3200891
0,2334,860981674716409858,3200891
0,882,860924035999428608,3200891
7878,2334,860563773140209665,3200891
24678,5698,860524505164394496,3200891
19154,3745,860276583193509888,3200891
17474,6295,860184849394610176,3200891
0,33421,860177593139703809,3200891
20021,4349,859924526012018688,3200891
16105,3780,859851578198683649,3200891
19476,1704,859607811541651456,3200891
75193,25661,859196978902773760,3200891
35553,14740,859074603037188101,3200891
0,8805,858860390427611136,3200891
16304,3771,858843525470990336,3200891
22640,5271,858471635011153920,3200891
16524,3154,858107933456039936,3200891
16952,2812,857989990357356544,3200891
36021,11524,857746408056729600,3200891
6236,1785,857393404942143489,3200891
21041,4934,857263160327368704,3200891
242,20,857214891891077121,3200891
0,183,857062103051644929,3200891
19910,4364,857029823797047296,3200891
0,11633,856602993587888130,3200891
17135,3131,856543823941562368,3200891
12446,2068,856526610513747968,3200891
0,731,856330835276025856,3200891
545,17,856288084350160898,3200891
29086,6841,856282028240666624,3200891
320,27,855862651834028034,3200891
4407,1058,855860136149123072,3200891
12498,2313,855857698524602368,3200891
47844,19196,855851453814013952,3200891
28056,5943,855818117272018944,3200891
31657,8987,855459453768019968,3200891
0,6568,855245323840757760,3200891
0,50,855138241867124737,3200891
24188,6690,854732716440526848,3200891
31131,7608,854482394044301312,3200891
20046,5159,854365224396361728,3200891
33911,8285,854120357044912130,3200892
17169,3433,854010172552949760,3200892
30414,6403,853760880890318849,3200892
37198,11265,853639147608842240,3200892
16508,3928,853299958564483072,3200892
0,2243,852936405516943360,3200892
9658,2037,852912242202992640,3200892
15939,2388,852672615818899456,3200891
17492,3885,852553447878664193,3200891
35325,10961,852311364735569921,3200891
21378,7570,852226086759018497,3200891
12217,1741,852189679701164033,3200891
0,10706,851953902622658560,3200891
0,23,851861385021730816,3200891
17300,3819,851591660324737024,3200891
25944,7855,851464819735769094,3200891
22090,6350,851224888060895234,3200891
33348,10352,850753642995093505,3200891
13994,2915,850380195714523136,3200891
3647,367,850333567704068097,3200891
17519,4244,850145622816686080,3200891
21944,5459,850019790995546112,3200891
32390,8404,849776966551130114,3200799
0,5513,849668094696017920,3200891
17039,3487,849412302885593088,3200891
12240,2101,849336543269576704,3200891
32617,7396,849051919805034497,3200891
27104,4826,848690551926992896,3200891
20229,4037,848324959059550208,3200891
8834,832,848213670039564288,3200891
17618,3444,848212111729840128,3200891
0,3652,847978865427394560,3200891
0,482,847971574464610304,3200891
25296,5730,847962785489326080,3200891
5935,1522,847842811428974592,3200891
7558,468,847617282490613760,3200891
20208,3774,847606175596138505,3200891
22036,4800,847251039262605312,3200891
21588,6572,847157206088847362,3200891
23108,3583,847116187444137987,3200891
21685,4404,846874817362120707,3200891
48410,13076,846514051647705089,3200891
15304,3492,846505985330044928,3200891
34394,10226,846153765933735936,3200891
33188,10972,846139713627017216,3200891
17256,3224,846042936437604353,3200891
31737,9894,845812042753855489,3200891
27154,5365,845677943972139009,3200891
0,15071,845459076796616705,3200891
8241,2072,845397057150107648,3200891
25225,6039,845306882940190720,3200891
0,8640,845098359547420673,3200891
14738,2909,844979544864018432,3200891
16361,3617,844973813909606400,3200891
42022,11633,844704788403113984,3200891
17871,3533,844580511645339650,3200891
14753,2450,844223788422217728,3200891
16327,3285,843981021012017153,3200891
23211,5220,843856843873095681,3200891
18310,3081,843604394117681152,3200891
23315,6852,843235543001513987,3200891
0,56625,842892208864923648,3200891
16440,4023,842846295480000512,3200891
7321,1439,842765311967449089,3200891
19637,3937,842535590457499648,3200891
26569,6568,842163532590374912,3200891
15204,3386,842115215311396866,3200891
0,17504,841833993020538882,3200891
27854,8748,841680585030541313,3200891
13755,4168,841439858740625411,3200891
21402,6080,841320156043304961,3200891
17305,5312,841314665196081154,3200891
24926,5991,841077006473256960,3200891
0,1972,840761248237133825,3200891
0,18285,840728873075638272,3200891
197,3,840698636975636481,3200891
13377,1116,840696689258311684,3200891
9761,1972,840632337062862849,3200891
17918,5146,840370681858686976,3200891
20950,6497,840268004936019968,3200891
14640,2597,839990271299457024,3200891
29957,8805,839549326359670784,3200891
0,158,839290600511926273,3200891
29684,7422,839239871831150596,3200891
21289,4505,838952994649550848,3200891
12183,2357,838921590096166913,3200891
0,38,838916489579200512,3200891
0,12643,838831947270979586,3200891
11892,1504,838561493054533637,3200891
24664,5484,838476387338051585,3200891
0,11525,838201503651401729,3200891
1824,370,838150277551247360,3200891
150,0,838085839343206401,3200891
19183,3582,838083903487373313,3200891
37277,8952,837820167694528512,3200891
4204,495,837482249356513284,3200891
13967,2631,837471256429613056,3200891
23074,6005,837366284874571778,3200891
17480,2731,837110210464448512,3200891
0,88,837012587749474308,3200891
13879,2610,836989968035819520,3200891
21029,5237,836753516572119041,3200891
13782,2522,836677758902222849,3200891
0,626,836648853927522308,3200891
0,31314,836397794269200385,3200891
16037,3337,836380477523124226,3200891
23177,4850,836260088725786625,3200891
20924,4935,836001077879255040,3200891
0,9327,835685285446955009,3200891
19447,4121,835574547218894849,3200891
0,1939,835536468978302976,3200891
0,24013,835309094223372289,3200891
17847,3381,835297930240217089,3200891
8503,1939,835264098648616962,3200891
2259,83,835246439529840640,3200891
28552,6516,835172783151792128,3200891
24574,3443,835152434251116546,3200891
11838,1878,834931633769889797,3200891
22943,6159,834786237630337024,3200891
14993,2882,834574053763584002,3200890
0,12224,834477809192075265,3200890
10512,1899,834458053273591808,3200890
22594,5476,834209720923721728,3200890
17194,4130,834167344700198914,3200890
10971,2427,834089966724603904,3200890
14296,2512,834086379323871233,3200890
14661,2729,833863086058651648,3200891
16728,3904,833826103416520705,3200891
0,251,833732339549220864,3200891
22585,3636,833722901757046785,3200891
16258,2357,833479644947025920,3200892
22133,5513,833124694597443584,3200892
14549,2522,832998151111966721,3200892
0,43,832769181346996225,3200892
18423,4127,832757312314028032,3200800
13017,3368,832682457690300417,3200892
3195,594,832645525019123713,3200892
17379,3220,832636094638288896,3200892
13126,2548,832397543355072512,3200892
18792,3652,832369877331693569,3200892
12385,2673,832273440279240704,3200892
0,7069,832215909146226688,3200892
0,10723,832215726631055365,3200892
72,3,832088576586297345,3200892
0,11131,832040443403784192,3200892
13887,4746,832032802820481025,3200892
26404,7031,831939777352105988,3200892
369,39,831926988323639298,3200892
30380,7458,831911600680497154,3200892
11469,2059,831670449226514432,3200892
7908,2243,831650051525054464,3200892
9872,2632,831552930092285952,3200892
10042,1744,831322785565769729,3200892
7117,1264,831315979191906304,3200892
12819,2786,831309418084069378,3200892
13066,2350,831262627380748289,3200892
8735,1735,830956169170665475,3200892
73397,19297,830583320585068544,3200892
0,6554,830173239259324417,3200892
10804,3455,830097400375152640,3200892
0,5757,829878982036299777,3200892
13441,2243,829861396166877184,3200892
34913,12224,829501995190984704,3200892
11519,2329,829449946868879360,3200892
38074,10706,829374341691346946,3200892
26952,8530,829141528400556032,3200892
58302,18627,829011960981237760,3200892
0,3901,828801551087042563,3200892
28085,6746,828770345708580865,3200892
40241,12882,828708714936930305,3200892
10467,1544,828650029636317184,3200892
6898,1305,828409743546925057,3200892
8398,1477,828408677031882754,3200892
13864,2554,828381636999917570,3200892
8112,1216,828376505180889089,3200892
13756,3344,828372645993398273,3200892
2408,195,828361771580813312,3200892
12923,3260,828046555563323392,3200892
11411,2451,828011680017821696,3200892
22180,5987,827933404142436356,3200892
16983,3433,827653905312006145,3200892
8143,1082,827600520311402496,3200892
17523,3510,827324948884643840,3200892
0,13517,827228250799742977,3200892
11659,2579,827199976799354881,3200892
23767,5757,826958653328592898,3200892
40325,11878,826848821049180160,3200892
0,4521,826615380357632002,3200892
5637,292,826598799820865537,3200892
11117,2709,826598365270007810,3200892
20275,4821,826476773533745153,3200892
14614,2965,826240494070030336,3200892
5361,1075,826204788643753985,3200892
17299,3599,826115272272650244,3200892
11525,2146,825876512159186944,3200893
14025,2848,825829644528148480,3200893
56413,19669,825535076884762624,3200894
20181,5244,825147591692263424,3200894
0,1483,825120256414846976,3200894
7020,1483,825026590719483904,3200894
0,6288,824796380199809024,3200894
16508,4069,824775126675836928,3200894
11113,1993,824663926340194305,3200894
12999,11848,824325613288833024,3200894
16625,4463,824297048279236611,3200894
5255,679,824025158776213504,3200894
11755,3123,823939628516474880,3200894
0,12953,823719002937630720,3200894
13826,2772,823699002998870016,3200894
14376,3031,823581115634085888,3200894
777,31,823333489516937216,3200894
17437,4637,823322678127919110,3200894
0,11421,823269594223824897,3200894
19139,3958,822975315408461824,3200894
132810,48265,822872901745569793,3200894
14576,2622,822859134160621569,3200894
0,7390,822647212903690241,3200894
16327,3423,822610361945911296,3200894
20083,7390,822489057087389700,3200894
31800,17209,822462944365645825,3200894
38832,11421,822244816520155136,3200894
0,5571,822163064745328640,3200894
12582,2692,821886076407029760,3200894
0,3839,821813639212650496,3200894
9317,1899,821765923262631936,3200894
8871,2030,821522889702862852,3200894
0,6470,821421320206483457,3200894
13075,5053,821407182352777218,3200894
280,10,821153421864615936,3200894
9718,2320,821149554670182400,3200894
10645,2487,821107785811234820,3200894
14021,2636,821044531881721856,3200894
0,7733,820837357901512704,3200894
34984,11525,820749716845686786,3200894
13518,3716,820690176645140481,3200894
0,648,820494788566847489,3200802
0,2980,820446719150292993,3200894
3706,648,820314633777061888,3200894
21979,7246,820078625395449857,3200894
0,1369,820013781606658049,3200894
5927,1369,819952236453363712,3200894
14305,5607,819924195358416896,3200894
14916,3604,819711362133872643,3200894
10606,2271,819588359383371776,3200894
8008,1383,819347104292290561,3200894
2550,462,819238181065359361,3200894
25652,7733,819227688460238848,3200894
0,42228,819015337530290176,3200894
0,21794,819015331746349057,3200894
49960,21794,819006400881917954,3200894
95450,42228,819004803107983360,3200894
0,24069,818646164899774465,3200894
24597,8564,818627210458333184,3200894
10971,2982,818614493328580609,3200894
0,7126,818588835076603904,3200894
12127,2873,818536468981415936,3200894
0,9366,818307523543449600,3200894
12197,2621,818259473185828864,3200894
13671,3014,818145370475810820,3200894
5356,906,817908911860748288,3200894
57622,31314,817827839487737858,3200894
11901,3084,817777686764523521,3200894
13105,3505,817536400337801217,3200894
0,3917,817502432452313088,3200894
38260,17504,817423860136083457,3200894
6267,1131,817415592588222464,3200894
0,9907,817181837579653120,3200895
9690,2326,817171292965273600,3200895
13367,3011,817120970343411712,3200895
9517,1927,817056546584727552,3200895
0,5496,816829038950027264,3200895
11071,2361,816816676327063552,3200895
10905,2545,816697700272001025,3200895
33961,9366,816450570814898180,3200895
9564,2269,816336735214911488,3200895
9927,2500,816091915477250048,3200895
0,1207,816062466425819140,3200895
0,6154,816014286006976512,3200895
5545,1207,815990720817401858,3200895
25057,9907,815966073409433600,3200895
0,4797,815745968457060357,3200895
10937,2625,815736392542261248,3200895
9161,1918,815639385530101762,3200895
11467,4407,815390420867969024,3200895
8485,1505,814986499976527872,3200895
12511,3130,814638523311648768,3200895
0,6750,814578408554463233,3200895
9629,2156,814530161257443328,3200895
32000,10080,814153002265309185,3200895
0,3732,813944609378369540,3200895
10342,2194,813910438903693312,3200895
40402,16267,813812741911748608,3200895
9300,2060,813800681631023104,3200895
20783,8476,813217897535406080,3200895
10192,2090,813202720496779264,3200895
22085,5096,813187593374461952,3200895
10384,2236,813172488309972993,3200895
8588,2557,813157409116065792,3200895
9361,2728,813142292504645637,3200895
4968,513,813130366689148928,3200895
13242,3652,813127251579564032,3200895
11515,3225,813112105746448384,3200895
11694,4207,813096984823349248,3200895
10989,3220,813081950185472002,3200895
8865,2276,813066809284972545,3200895
23337,8503,813051746834595840,3200895
8380,2191,812781120811126785,3200895
0,8067,812747805718642688,3200895
7373,1665,812709060537683968,3200895
6787,1424,812503143955202048,3200895
8900,2231,812466873996607488,3200895
15224,4252,812372279581671427,3200895
8102,1647,811985624773361665,3200895
8429,1884,811744202451197953,3200895
6215,872,811647686436880384,3200895
14265,3650,811627233043480576,3200895
23302,7444,811386762094317568,3200895
5927,1655,810984652412424192,3200896
10093,2090,810896069567610880,3200896
12192,3057,810657578271330305,3200896
39640,13369,810284430598270976,3200896
16380,3901,810254108431155201,3200896
17250,4521,809920764300447744,3200896
0,5711,809808892968534016,3200896
7727,1696,809448704142938112,3200896
22246,6554,809220051211603969,3200896
14685,4046,809084759137812480,3200896
11271,3536,808838249661788160,3200896
8784,2509,808733504066486276,3200896
12595,3007,808501579447930884,3200896
47281,24069,808344865868283904,3200896
0,6961,808134635716833280,3200896
9701,2525,808106460588765185,3200896
14015,4098,808001312164028416,3200896
16236,4288,807621403335917568,3200896
107015,56625,807106840509214720,3200896
0,8521,807059379405148160,3200897
14514,4418,807010152071229440,3200897
75639,37911,806629075125202948,3200897
0,6426,806620845233815552,3200897
5370,2230,806576416489959424,3200897
11363,2752,806542213899489280,3200897
0,13616,806242860592926720,3200897
7145,1388,806219024703037440,3200897
0,6238,805958939288408065,3200897
9178,2209,805932879469572096,3200897
7335,2132,805826884734976000,3200897
0,9374,805823200554876929,3200897
6368,1905,805520635690676224,3200897
9773,2929,805487436403003392,3200897
8680,1972,805207613751304193,3200897
15326,4480,804738756058218496,3200897
6886,2355,804475857670639616,3200897
0,3712,804413760345620481,3200897
49774,18876,804026241225523202,3200897
11203,3220,803773340896923648,3200897
0,8689,803692223237865472,3200897
12270,4828,803638050916102144,3200897
8601,2169,803380650405482500,3200897
0,6221,803321560782307329,3200897
11207,2887,803276597545603072,3200897
10085,2336,802952499103731712,3200897
0,3403,802624713319034886,3200897
7938,1714,802600418706604034,3200897
9959,2926,802572683846291456,3200897
18124,6808,802323869084381190,3200898
7039,1573,802265048156610565,3200898
0,5247,802247111496568832,3200898
10132,3040,802239329049477120,3200898
0,314,802185808107208704,3200898
8608,1992,801958328846974976,3200898
1958,275,801854953262350336,3200898
9141,2391,801538201127157760,3200898
6802,960,801285448605831168,3200898
27386,6961,801167903437357056,3200898
0,4627,801127390143516673,3200898
8992,2429,801115127852503040,3200898
778,113,800859414831898624,3200898
0,1889,800855607700029440,3200898
11701,3214,800751577355128832,3200898
14685,3495,800513324630806528,3200898
10538,2489,800459316964663297,3200898
0,5068,800443802682937345,3200898
12456,3265,800388270626521089,3200898
0,4581,800188575492947969,3200898
17092,2980,800141422401830912,3200898
31768,15351,800018252395122689,3200898
0,5488,799774291445383169,3200898
9390,2506,799757965289017345,3200898
8965,2213,799422933579902976,3200898
0,6478,799308762079035393,3200898
11065,3227,799297110730567681,3200898
9058,2863,799063482566066176,3200898
14712,5203,798933969379225600,3200898
8246,1663,798925684722855936,3200898
0,7724,798705661114773508,3200898
0,9126,798701998996647937,3200898
0,7602,798697898615730177,3200898
0,5812,798694562394996736,3200898
0,2702,798686750113755136,3200898
0,5515,798682547630837760,3200899
0,6485,798673117451325440,3200899
0,4519,798665375516884993,3200899
0,2153,798644042770751489,3200899
0,2272,798628517273620480,3200899
0,6618,798585098161549313,3200900
0,6871,798576900688019456,3200900
0,3924,798340744599797760,3200900
11548,2954,798209839306514432,3200900
13018,3652,797971864723324932,3200900
16198,5656,797545162159308800,3200900
22328,7726,797236660651966464,3200900
256,32,797165961484890113,3200900
0,10411,796904159865868288,3200900
8564,2198,796865951799083009,3200900
13256,3562,796759840936919040,3200900
0,8536,796563435802726400,3200900
8472,2042,796484825502875648,3200900
12334,4861,796387464403357696,3200900
0,16628,796177847564038144,3200900
36177,16628,796149749086875649,3200900
5511,2079,796125600683540480,3200900
10139,2813,796116448414461957,3200900
9469,2703,796080075804475393,3200900
12071,4284,796031486298386433,3200900
55683,27728,795464331001561088,3200900
11270,3323,795400264262053889,3200900
18139,6288,795076730285391872,3200900
0,3942,794983741416415232,3200900
11492,2697,794926597468000259,3200900
0,12014,794355576146903043,3200900
10686,3088,794332329137291264,3200900
10314,3895,794205286408003585,3200900
18910,5711,793962221541933056,3200900
10295,2187,793845145112371200,3200900
0,3661,793614319594401792,3200900
8926,1908,793601777308463104,3200900
11953,2786,793500921481273345,3200900
27597,10723,793286476301799424,3200900
9677,2763,793271401113350145,3200900
22350,9714,793256262322548741,3200901
11780,3812,793241302385262592,3200901
11001,3338,793226087023144960,3200901
9997,3301,793210959003287553,3200901
17063,6547,793195938047070209,3200901
7740,2310,793180763617361921,3200901
10478,3238,793165685325201412,3200901
6909,1984,793150605191548928,3200901
7214,2893,793135492858580992,3200901
14202,4551,793120401413079041,3200901
16063,4715,792913359805018113,3200901
12666,4964,792883833364439040,3200901
8209,1963,792773781206999040,3200901
15128,4998,792394556390137856,3200901
8029,2088,792050063153438720,3200901
0,24514,791821351946420224,3200901
0,11271,791784077045166082,3200809
0,4432,791780927877898241,3200901
37818,21156,791774931465953280,3200901
13129,3661,791672322847637504,3200901
14670,4797,791406955684368384,3200901
9841,2963,791312159183634433,3200901
0,4858,791026214425268224,3200901
11089,2483,790987426131050500,3200901
18601,5496,790946055508652032,3200901
0,2704,790723298204217344,3200901
9158,2203,790698755171364864,3200901
22473,8183,790581949425475584,3200901
8740,2167,790337589677002753,3200901
14081,3732,790277117346975746,3200901
0,4190,790227638568808452,3200901
10369,2704,789986466051088384,3200901
0,4839,789960241177853952,3200901
11673,4858,789903600034189313,3200901
8448,2080,789628658055020548,3200901
7620,2279,789599242079838210,3200901
13188,3942,789530877013393408,3200901
9615,2666,789314372632018944,3200901
0,5747,789280767834746880,3200901
10196,3014,789268448748703744,3200901
10875,3244,789137962068021249,3200901
30653,14409,788908386943430656,3200901
30658,12014,788765914992902144,3200901
0,8407,788552643979468800,3200901
16060,5990,788412144018661376,3200901
8100,2488,788178268662984705,3200901
6865,1510,788150585577050112,3200901
0,3952,788070120937619456,3200901
6867,1535,788039637453406209,3200901
9717,3540,787810552592695296,3200901
11416,3240,787717603741622272,3200901
12120,3300,787397959788929025,3200901
8726,2032,787322443945877504,3200901
0,7798,787111942498508800,3200901
29725,9327,786963064373534720,3200901
0,2827,786729988674449408,3200901
20296,7069,786709082849828864,3200901
11957,2996,786664955043049472,3200901
10497,3601,786595970293370880,3200901
12189,4072,786363235746385920,3200901
8930,3352,786286427768250368,3200901
17178,5571,786233965241827333,3200901
1614,179,786051337297522688,3200901
0,8237,786036967502913536,3200901
12696,3652,785927819176054784,3200901
7489,2130,785872687017132033,3200901
8735,2561,785639753186217984,3200901
10183,2334,785533386513321988,3200901
6800,1477,785515384317313025,3200901
8128,1911,785264754247995392,3200901
13491,5639,785170936622350336,3200901
11310,3712,784826020293709826,3200901
10039,2970,784517518371221505,3200901
6329,1491,784431430411685888,3200901
22513,9374,784183165795655680,3200901
33505,12953,784057939640352768,3200901
33689,12643,783839966405230592,3200901
8209,2269,783821107061198850,3200901
11650,3737,783695101801398276,3200901
9468,2608,783466772167098368,3200901
18908,6441,783391753726550016,3200901
0,6533,783347506784731136,3200901
32651,13616,783334639985389568,3200901
9112,2565,783085703974514689,3200901
26949,8521,782969140009107456,3200901
8310,1604,782747134529531904,3200901
19250,6238,782722598790725632,3200901
8694,2184,782598640137187329,3200901
18630,6470,782305867769217024,3200901
0,7236,782021823840026624,3200901
12357,3920,781955203444699136,3200901
11634,3129,781661882474196992,3200901
4466,1314,781655249211752448,3200901
23163,6426,781524693396357120,3200901
7973,2961,781308096455073793,3200901
9428,2458,781251288990355457,3200901
10895,3168,781163403222056960,3200901
24192,8536,780931614150983680,3200901
8033,2328,780858289093574656,3200901
6141,1505,780800785462489090,3200901
13525,3839,780601303617732608,3200901
7040,2032,780543529827336192,3200901
0,4319,780496263422808064,3200901
0,136,780476555013349377,3200901
5892,1224,780459368902959104,3200901
9712,2589,780192070812196864,3200901
0,2655,780092040432480260,3200901
13723,5815,780074436359819264,3200901
21252,8237,779834332596887552,3200901
9831,3613,779377524342161408,3200901
0,21324,779124354206535695,3200901
13206,4207,779123168116150273,3200901
16500,5247,779056095788752897,3200901
22342,8437,778990705243029504,3200901
0,11550,778774459159379968,3200901
955,426,778764940568104960,3200901
7717,1562,778748913645780993,3200901
6430,1729,778650543019483137,3200901
5177,1176,778624900596654080,3200901
15135,5023,778408200802557953,3200902
0,14198,778396591732486144,3200902
6515,1271,778383385161035776,3200902
11576,3836,778286810187399168,3200902
9417,3065,778039087836069888,3200902
7320,1885,778027034220126208,3200810
0,4080,777953400541634568,3200902
7078,1893,777885040357281792,3200902
12518,3403,777684233540206592,3200902
0,4947,777641927919427584,3200902
9742,2910,777621514455814149,3200902
15921,4999,777189768882946048,3200902
0,15839,776819012571455488,3200902
5444,1405,776813020089548800,3200902
9858,3249,776477788987613185,3200902
0,10673,776249906839351296,3200902
33345,18497,776218204058357768,3200902
10681,2919,776201521193218049,3200902
13102,5068,776113305656188928,3200902
2045,179,776088319444877312,3200902
0,17621,775898661951791106,3200902
13022,3116,775842724423557120,3200902
15413,4627,775733305207554048,3200902
14361,5302,775729183532220416,3200902
8295,3472,775364825476165632,3200903
11309,4532,775350846108426240,3200903
0,9220,775096608509886464,3200903
17281,5488,775085132600442880,3200903
9462,2035,774757898236878852,3200903
7508,2013,774639387460112384,3200904
24167,6478,774314403806253056,3200904
11925,4492,773985732834758656,3200904
7110,1999,773922284943896577,3200904
7317,1891,773704687002451968,3200904
5935,1501,773670353721753600,3200904
24553,7126,773547596996571136,3200904
0,5912,773336787167145985,3200904
25846,8640,773308824254029826,3200904
10414,3699,773247561583001600,3200904
11117,4736,773191612633579521,3200904
9555,4501,772877495989305348,3200904
8842,2669,772826264096874500,3200904
0,3914,772615324260794368,3200904
7192,1968,772581559778025472,3200904
6665,1612,772193107915964416,3200904
4181,1300,772152991789019136,3200905
4165,848,772117678702071809,3200905
3005,546,772114945936949249,3200905
4448,1065,772102971039580160,3200905
7298,2181,771908950375665664,3200905
13356,3924,771770456517009408,3200905
9167,3018,771500966810099713,3200905
11746,5912,771380798096281600,3200905
0,8705,771171053431250945,3200905
10223,3357,771136648247640064,3200905
6898,1663,771102124360998913,3200905
7032,1782,771014301343748096,3200905
5498,1415,770787852854652928,3200905
5749,1626,770772759874076672,3200905
0,52360,770743923962707968,3200905
8130,2013,770655142660169732,3200905
6987,2390,770414278348247044,3200905
6923,1718,770293558247038976,3200905
0,3520,770093767776997377,3200905
8385,2651,770069151037685760,3200905
34948,11131,769940425801170949,3200905
7101,1926,769695466921623552,3200906
0,8830,769335591808995329,3200906
5980,1969,769212283578875904,3200906
16017,7574,768970937022709760,3200906
0,3129,768909767477751808,3200906
4660,1034,768855141948723200,3200906
4580,1382,768609597686943744,3200906
5592,1473,768596291618299904,3200906
0,6719,768554158521745409,3200906
15110,3958,768473857036525572,3200906
12157,4080,768193404517830656,3200906
5309,1634,767884188863397888,3200906
17814,6221,767754930266464257,3200906
8295,2688,767500508068192258,3200906
13643,4406,767191397493538821,3200906
11227,3261,767122157629476866,3200906
0,6521,766864461642756096,3200906
5650,1565,766793450729734144,3200906
2872,438,766714921925144576,3200906
4484,918,766693177336135680,3200906
6671,1825,766423258543644672,3200906
7493,2166,766313316352462849,3200906
0,2970,766078092750233600,3200906
4765,1003,766069199026450432,3200906
4149,571,766008592277377025,3200906
8021,2475,765719909049503744,3200906
5760,1407,765669560888528897,3200907
20539,3127,765395769549590528,3200907
7842,2475,765371061932261376,3200907
12902,3914,765222098633691136,3200907
7099,2029,764857477905154048,3200907
6718,1745,764259802650378240,3200907
812,61,763956972077010945,3200907
14041,4858,763837565564780549,3200907
6004,1702,763183847194451968,3200907
0,3484,763167063695355904,3200907
8163,2602,763103485927849985,3200907
13518,4190,762699858130116608,3200907
12571,7612,762471784394268675,3200907
11503,4839,762464539388485633,3200908
5350,1298,762316489655476224,3200908
35400,17919,762035686371364864,3200908
5992,2310,761976711479193600,3200908
0,4535,761750502866649088,3200816
4707,979,761745352076779520,3200908
55016,33421,761672994376806400,3200908
4578,1336,761599872357261312,3200908
0,20500,761371037149827077,3200908
5792,1669,761334018830917632,3200908
4957,1265,761292947749015552,3200908
5908,1775,761227390836215808,3200908
12482,3952,761004547850530816,3200908
4228,1104,760893934457552897,3200908
7343,2210,760656994973933572,3200908
5485,1481,760641137271070720,3200908
8399,4168,760539183865880579,3200908
4681,1608,760521673607086080,3200908
29618,13140,760290219849637889,3200908
4338,995,760252756032651264,3200908
6334,2079,760190180481531904,3200908
0,38,760153949710192640,3200908
6581,2382,759943073749200896,3200908
16284,6521,759923798737051648,3200908
7433,2265,759846353224826880,3200908
6620,2173,759793422261743616,3200908
0,24319,759566828574212096,3200908
5202,1341,759557299618865152,3200908
9418,2827,759447681597108224,3200908
1846,561,759446261539934208,3200908
6725,2221,759197388317847553,3200908
0,1359,759159934323924993,3200908
16101,4813,759099523532779520,3200908
7227,2302,759047813560868866,3200908
3904,1027,758854675097526272,3200908
12376,4376,758828659922702336,3200908
6339,1824,758740312047005698,3200942
4227,1132,758474966123810816,3200942
5316,2539,758467244762497024,3200942
5756,2204,758405701903519748,3200942
3797,1245,758355060040593408,3200943
21302,11550,758099635764359168,3200943
3001,433,758041019896193024,3200943
7613,3710,757741869644341248,3200943
0,9299,757729163776290825,3200943
5022,1391,757725642876129280,3200943
5026,1272,757611664640446465,3200943
0,336,757597904299253760,3200943
4808,1219,757596066325864448,3200943
16743,7759,757400162377592832,3200943
6462,2009,757393109802180609,3200943
4995,1637,757354760399941633,3200943
6923,2271,756998049151549440,3200943
7342,2295,756939218950160384,3200943
5612,1511,756651752796094464,3200943
11506,4169,756526248105566208,3200943
4359,1231,756303284449767430,3200943
28519,15071,756288534030475264,3200943
7114,1738,756275833623502848,3200943
8092,3285,755955933503782912,3200943
18212,6148,755206590534418437,3200943
23446,12621,755110668769038337,3200943
0,9193,754874841593970688,3200943
7616,2870,754856583969079297,3200943
2854,591,754747087846248448,3200943
5852,2220,754482103782404096,3200943
4147,846,754449512966619136,3200943
8655,2670,754120377874386944,3200943
9726,4079,754011816964026368,3200943
6458,2492,753655901052166144,3200943
8731,4071,753420520834629632,3200943
6384,2186,753398408988139520,3200943
8411,2655,753375668877008896,3200943
0,6620,753298634498793472,3200943
3758,1191,753294487569522689,3200943
41080,24013,753039830821511168,3200943
4283,1109,753026973505581056,3200943
13970,7798,752932432744185856,3200943
7592,1790,752917284578922496,3200943
0,3291,752701944171524096,3200943
6642,1846,752682090207055872,3200943
4878,1794,752660715232722944,3200943
6140,2605,752568224206688256,3200943
8157,3917,752519690950500352,3200943
4238,1263,752334515931054080,3200943
0,18963,752309394570878976,3200943
6569,2106,752173152931807232,3200943
3415,1060,751950017322246144,3200943
5770,1530,751937170840121344,3200943
6428,2227,751830394383790080,3200943
6479,3320,751793661361422336,3200943
8699,3440,751598357617971201,3200943
4849,1265,751583847268179968,3200943
5547,1445,751538714308972544,3200943
3516,1127,751456908746354688,3200943
13791,6695,751251247299190784,3200943
6948,2086,751205363882532864,3200943
5610,1480,751132876104687617,3200943
5306,1595,750868782890057730,3200943
14621,5747,750719632563142656,3200943
4934,1316,750506206503038976,3200943
14569,4947,750429297815552001,3200943
5005,1309,750383411068534784,3200943
758,39,750381685133418496,3200943
3409,1095,750147208377409536,3200943
3990,1440,750132105863102464,3200943
4740,1466,750117059602808832,3200943
3344,959,750101899009982464,3200943
2383,613,750086836815486976,3200943
8653,3802,750071704093859840,3200943
3444,1011,750056684286914561,3200943
3502,703,750041628174217216,3200943
2986,888,750026558547456000,3200943
3568,1035,750011400160841729,3200943
3331,919,749996283729883136,3200943
5569,2772,749981277374128128,3200943
5114,1493,749774190421639168,3200943
6721,1904,749417653287129088,3200943
2892,622,749403093750648834,3200943
9488,3951,749395845976588288,3200943
6076,2509,749317047558017024,3200943
6353,2360,749075273010798592,3200943
5277,1714,749064354620928000,3200943
3425,896,749036806121881602,3200943
11235,3759,748977405889503236,3200943
6461,2564,748932637671223296,3200943
3047,1067,748705597323898880,3200943
5213,1814,748699167502000129,3200943
4659,1504,748692773788876800,3200851
6696,2272,748575535303884801,3200943
2411,776,748568946752774144,3200943
5735,1413,748346686624440324,3200943
8462,4701,748337862848962560,3200943
4078,867,748324050481647620,3200943
4027,810,748307329658011649,3200943
15549,8825,748220828303695873,3200943
6397,2444,747963614829678593,3200943
7310,2894,747933425676525569,3200943
3243,1116,747885874273214464,3200943
3084,851,747844099428986880,3200943
5346,1316,747816857231626240,3200943
1520,179,747651430853525504,3200943
14182,6614,747648653817413632,3200943
2545,619,747600769478692864,3200943
4065,1205,747594051852075008,3200943
6110,1803,747512671126323200,3200943
4249,1169,747461612269887489,3200943
5965,2184,747439450712596480,3200943
0,3257,747242308580548608,3200943
5792,1791,747219827526344708,3200943
3722,1038,747204161125646336,3200943
10534,4548,747103485104099331,3200943
3168,336,746906459439529985,3200943
6593,2429,746872823977771008,3200943
5807,1944,746818907684614144,3200943
5345,1806,746790600704425984,3200943
10520,4432,746757706116112384,3200943
6648,2037,746726898085036033,3200943
5520,2104,746542875601690625,3200943
0,1110,746521445350707200,3200943
5094,1226,746507379341139972,3200943
6637,1854,746369468511756288,3200943
7565,2511,746131877086527488,3200943
3904,931,746056683365994496,3200943
4437,1207,745789745784041472,3200943
7652,2636,745712589599014916,3200943
7824,2894,745433870967832576,3200943
9412,2768,745422732645535745,3200943
7863,3131,745314880350101504,3200943
8605,3976,745074613265149952,3200943
7945,2585,745057283344719872,3200943
3277,716,744995568523612160,3200943
8652,3042,744971049620602880,3200943
6150,1771,744709971296780288,3200943
7443,2412,744334592493166593,3200943
131075,79515,744234799360020481,3200943
1868,424,744223424764059648,3200943
4551,1231,743980027717509120,3200943
3999,1087,743895849529389061,3200943
0,2387,743835915802583040,3200943
4917,1560,743609206067040256,3200943
20275,7445,743595368194129920,3200943
3863,1066,743545585370791937,3200943
8671,4185,743510151680958465,3200943
4624,1366,743253157753532416,3200943
6792,2164,743222593470234624,3200943
4215,1560,743210557239623680,3200943
7744,4011,742534281772302336,3200943
4878,2245,742528092657332225,3200943
7916,4382,742465774154047488,3200943
10812,4319,742423170473463808,3200943
7457,2266,742385895052087300,3200943
4743,1547,742161199639494656,3200943
5661,1783,742150209887731712,3200943
4982,1698,741793263812808706,3200943
8945,3144,741743634094141440,3200943
4026,937,741438259667034112,3200943
9631,3650,741303864243200000,3200943
10997,6247,741099773336379392,3200943
10342,3520,741067306818797568,3200943
7018,3154,740995100998766593,3200943
3736,1062,740711788199743490,3200943
3101,888,740699697422163968,3200943
19881,7724,740676976021798912,3200851
20648,9220,740373189193256964,3200943
2727,495,740365076218183684,3200943
3610,967,740359016048689152,3200943
7335,2220,740214038584557568,3200943
21898,6719,739979191639244800,3200943
4443,1217,739932936087216128,3200943
4138,966,739844404073074688,3200943
4185,1547,739623569819336705,3200943
5897,1876,739606147276148736,3200943
43694,24319,739544079319588864,3200943
7887,3309,739485634323156992,3200943
75163,52360,739238157791694849,3200943
115,6,738891149612572673,3200943
4127,1283,738885046782832640,3200943
3661,917,738883359779196928,3200943
5575,1759,738537504001953792,3200943
3599,955,738402415918125056,3200943
4727,1360,738184450748633089,3200943
9635,3828,738166403467907072,3200943
2768,748,738156290900254721,3200943
5757,2006,737826014890496000,3200943
10943,3904,737800304142471168,3200943
5528,1509,737678689543020544,3200943
11302,5048,737445876994609152,3200943
3953,907,737322739594330112,3200943
16040,8329,737310737551491075,3200943
4736,1972,736736130620620800,3200943
19450,8407,736392552031657984,3200943
4367,1408,736365877722001409,3200943
8901,3115,736225175608430592,3200943
8652,3355,736010884653420544,3200943
3934,1283,735991953473572864,3200944
4397,1237,735648611367784448,3200944
6776,2659,735635087207878657,3200944
9629,4707,735274964362878976,3200944
3675,993,735256018284875776,3200944
3428,1092,735137028879360001,3200944
2993,572,734912297295085568,3200944
13745,7102,734787690684657664,3200944
2742,608,734776360183431168,3200944
1646,451,734559631394082816,3200944
3926,881,733828123016450049,3200944
4015,1141,733822306246479872,3200944
3438,1065,733482008106668032,3200944
4605,1451,733460102733135873,3200944
44619,17621,733109485275860992,3200944
2671,599,732732193018155009,3200944
3855,1003,732726085725589504,3200944
4016,868,732585889486888962,3200944
8832,2838,732375214819057664,3200944
16324,6154,732005617171337216,3200944
3798,1090,731285275100512256,3200944
4196,1434,731156023742988288,3200944
6682,2234,730924654643314689,3200944
5407,2435,730573383004487680,3200944
3809,1176,730427201120833536,3200944
4180,1182,730211855403241472,3200944
5339,2172,730196704625098752,3200944
4396,1268,729854734790754305,3200944
1856,431,729838605770891264,3200944
4358,1390,729823566028484608,3200944
6340,2586,729463711119904772,3200944
2054,370,729113531270991872,3200944
3460,917,728986383096946689,3200944
5090,1911,728760639972315136,3200944
3032,757,728751179681943552,3200944
3620,1169,728653952833728512,3200944
5383,2269,728409960103686147,3200944
3999,1075,728387165835677696,3200944
4722,1328,728046963732717569,3200944
4953,1872,728035342121635841,3200945
4479,1219,728015554473250816,3200945
3206,720,727685679342333952,3200945
6431,1962,727644517743104000,3200945
4900,1379,727524757080539137,3200945
3623,834,727314416056803329,3200945
3324,920,727286334147182592,3200945
4209,1540,727175381690781696,3200945
3983,1490,727155742655025152,3200945
7496,2738,726935089318363137,3200945
4195,1677,726887082820554753,3200945
3882,1124,726828223124897792,3200945
4811,1302,726224900189511680,3200945
7691,2970,725842289046749185,3200945
4537,1527,725786712245440512,3200945
5646,2009,725729321944506368,3200945
1541,703,725458796924002305,3200945
4040,1462,724983749226668032,3200945
2593,725,724771698126512129,3200945
5800,1847,724405726123311104,3200945
4738,1984,724049859469295616,3200945
2901,620,724046343203856385,3200945
4561,1790,724004602748780546,3200945
4236,1374,723912936180330496,3200945
8435,3347,723688335806480385,3200945
3291,1011,723673163800948736,3200945
5761,2110,723179728551723008,3200945
4493,1764,722974582966214656,3200945
5393,1831,722613351520608256,3200945
5086,2124,721503162398597120,3200945
2748,686,721001180231503872,3200945
3400,866,720785406564900865,3200945
2702,760,720775346191278080,3200945
4503,1681,720415127506415616,3200945
6974,2840,720389942216527872,3200945
3131,1098,720340705894408192,3200945
4229,1268,720059472081784833,3200945
5332,2253,720043174954147842,3200945
5281,1979,719991154352222208,3200945
4974,1645,719704490224398336,3200945
5515,2192,719551379208073216,3200945
3022,827,719367763014393856,3200945
4822,1403,719339463458033665,3200944
3711,1078,719332531645071360,3200944
3818,1231,718971898235854848,3200944
5720,1973,718939241951195136,3200944
20697,9126,718631497683582976,3200944
2669,542,718613305783398402,3200944
2730,1137,718540630683709445,3200944
2846,602,718460005985447936,3200944
5320,1685,718454725339934721,3200944
2115,565,718246886998687744,3200944
4217,1127,718234618122661888,3200944
2660,670,717841801130979328,3200944
3170,1272,717790033953034240,3200944
6281,2069,717537687239008257,3200944
1748,510,717428917016076293,3200945
3446,945,717421804990701568,3200945
6826,2135,717047459982213120,3200945
3583,1102,717009362452090881,3200945
4627,1317,716802964044845056,3200945
5204,1474,716791146589110272,3200945
1339,475,716730379797970944,3200945
14327,6643,716447146686459905,3200945
2574,247,716439118184652801,3200945
3041,1225,716285507865542656,3200945
5272,1935,716080869887381504,3200945
3485,987,715928423106027520,3200945
4085,1596,715758151270801409,3200945
5093,1920,715733265223708672,3200945
3055,634,715704790270025728,3200945
4257,1454,715696743237730304,3200945
4719,1813,715680795826982913,3200945
5955,1772,715360349751484417,3200946
3294,768,715342466308784130,3200946
2630,736,715220193576927233,3200947
5578,2110,715200624753819648,3200947
4550,1392,715009755312439296,3200947
4094,1166,714982300363173890,3200947
8028,4816,714962719905021952,3200947
4503,1595,714957620017307648,3200947
3571,1122,714631576617938945,3200947
3938,1038,714606013974974464,3200947
2962,1313,714485234495041536,3200947
3281,808,714258258790387713,3200947
3570,940,714251586676113411,3200947
2480,990,714214115368108032,3200947
4673,1569,714141408463036416,3200947
3564,869,713919462244790272,3200947
2078,616,713909862279876608,3200947
3062,829,713900603437621249,3200947
5308,1541,713761197720473600,3200947
4802,1440,713411074226274305,3200947
7854,3183,713177543487135744,3200947
4851,1630,713175907180089344,3200947
20378,7602,712809025985978368,3200947
13474,5616,712717840512598017,3200947
4531,1367,712668654853337088,3200947
5799,1756,712438159032893441,3200947
269,26,712309440758808576,3200947
4144,1172,712097430750289920,3200947
3211,1016,712092745624633345,3200947
3531,556,712085617388212225,3200947
2451,700,712065007010385924,3200947
0,138,711998809858043904,3200947
8776,2601,711968124745228288,3200947
3095,1101,711743778164514816,3200947
9756,4653,711732680602345472,3200947
35865,20500,711694788429553666,3200947
4228,1037,711652651650457602,3200947
3996,1287,711363825979756544,3200947
3596,819,711306686208872448,3200947
3275,710,711008018775851008,3200947
4960,1561,710997087345876993,3200947
2775,779,710844581445812225,3200947
2937,606,710833117892898816,3200947
2529,636,710658690886586372,3200947
5227,2624,710609963652087808,3200947
4968,2107,710588934686908417,3200947
2574,833,710296729921429505,3200947
2308,580,710283270106132480,3200947
4945,1425,710272297844797440,3200947
2613,1257,710269109699739648,3200947
3153,1006,710153181850935296,3200947
3017,1008,710140971284037632,3200947
5999,2233,710117014656950272,3200947
3250,1215,709918798883774466,3200947
732,112,709901256215666688,3200947
3824,1336,709852847387627521,3200947
3865,1367,709566166965075968,3200947
3593,1204,709556954897764353,3200947
1620,277,709519240576036864,3200947
2420,665,709449600415961088,3200947
2855,788,709409458133323776,3200947
2615,647,709225125749587968,3200947
13755,6567,709207347839836162,3200947
2634,721,709198395643068416,3200947
2213,763,709179584944730112,3200947
2236,470,709158332880297985,3200947
5197,1864,709042156699303936,3200947
1941,745,708853462201716736,3200947
3226,1015,708845821941387268,3200947
1860,571,708834316713893888,3200947
18036,7848,708810915978854401,3200947
2997,917,708738143638450176,3200947
2790,834,708711088997666817,3200947
2768,765,708479650088034305,3200947
3357,926,708469915515297792,3200947
17516,11330,708400866336894977,3200947
3929,1520,708356463048204288,3200947
2568,831,708349470027751425,3200947
4672,1727,708149363256774660,3200947
3707,943,708130923141795840,3200947
2937,1102,708119489313951744,3200947
2124,610,708109389455101952,3200947
4799,2166,708026248782585858,3200947
3385,1273,707995814724026368,3200947
52,2,707983188426153984,3200947
2941,1097,707969809498152960,3200947
3593,1079,707776935007539200,3200947
2718,696,707741517457260545,3200947
4495,2785,707738799544082433,3200947
3765,1133,707693576495472641,3200947
2834,997,707629649552134146,3200947
18557,7236,707610948723478529,3200947
2499,789,707420581654872064,3200947
2486,673,707411934438625280,3200947
3835,1490,707387676719185920,3200947
3603,1214,707377100785885184,3200947
2698,727,707315916783140866,3200947
3022,903,707297311098011648,3200947
2796,759,707059547140169728,3200947
2404,900,707038192327901184,3200947
4433,1540,707021089608753152,3200947
2502,664,707014260413456384,3200947
15961,8830,706904523814649856,3200947
2264,680,706901761596989440,3200947
3627,1103,706681918348251136,3200947
2814,1224,706644897839910912,3200947
2363,718,706593038911545345,3200947
3778,1580,706538006853918722,3200947
3404,1150,706516534877929472,3200947
3768,1035,706346369204748288,3200947
23443,9034,706310011488698368,3200947
1861,522,706291001778950144,3200947
2979,1030,706265994973601792,3200947
4291,2511,706169069255446529,3200947
5636,1819,706166467411222528,3200947
1632,437,706153300320784384,3200947
3397,842,705975130514706432,3200947
3440,1008,705970349788291072,3200947
2597,643,705898680587526145,3200947
2132,596,705786532653883392,3200947
3475,1308,705591895322394625,3200947
3231,1045,705475953783398401,3200947
4877,1859,705442520700944385,3200947
4188,1931,705428427625635840,3200947
3290,854,705239209544720384,3200947
2829,900,705223444686888960,3200947
2342,585,705102439679201280,3200947
2378,683,705066031337840642,3200947
4585,1245,704871453724954624,3200947
2462,612,704859558691414016,3200948
5594,1727,704847917308362754,3200948
2906,1136,704819833553219584,3200948
7283,3257,704761120771465216,3200948
3212,1124,704499785726889984,3200948
840,97,704491224099647488,3200948
3723,1197,704480331685040129,3200948
8804,3999,704364645503647744,3200948
1729,393,704347321748819968,3200948
1653,519,704134088924532736,3200948
2031,629,704113298707505153,3200949
3201,1028,704054845121142784,3200949
2020,526,703774238772166656,3200949
3621,1276,703769065844768768,3200949
2853,772,703631701117943808,3200949
4229,1709,703611486317502464,3200949
4162,1559,703425003149250560,3200949
2685,786,703407252292673536,3200949
3837,1285,703382836347330562,3200949
2085,429,703356393781329922,3200949
2152,618,703268521220972544,3200949
8064,3494,703079050210877440,3200949
28996,14198,703041949650034688,3200950
2825,811,702932127499816960,3200858
1772,509,702899151802126337,3200950
3516,1215,702684942141153280,3200950
2398,634,702671118226825216,3200950
11332,3712,702598099714314240,3200950
3134,1091,702539513671897089,3200950
3491,1755,702332542343577600,3200950
3604,1156,702321140488925184,3200950
2706,860,702276748847800320,3200950
5268,1526,702217446468493312,3200950
3755,1106,701981390485725185,3200950
4167,1149,701952816642965504,3200950
3905,1558,701889187134500865,3200950
3752,1900,701805642395348998,3200950
2299,523,701601587219795968,3200950
3080,1055,701570477911896070,3200950
2902,680,701545186879471618,3200950
13475,5812,701214700881756160,3200950
2437,653,700890391244103680,3200950
2828,685,700864154249383937,3200950
2637,558,700847567345688576,3200950
2669,1085,700796979434098688,3200950
25130,10673,700747788515020802,3200950
2887,915,700518061187723268,3200950
2487,646,700505138482569216,3200950
4537,2031,700462010979500032,3200950
2903,836,700167517596164096,3200950
2450,754,700151421916807169,3200950
8282,3129,700143752053182464,3200950
2890,778,700062718104104960,3200858
2262,661,700029284593901568,3200950
3627,1529,700002074055016451,3200950
3345,1088,699801817392291840,3200950
2458,557,699788877217865730,3200950
3039,1397,699779630832685056,3200950
2150,690,699775878809702401,3200950
11252,5174,699691744225525762,3200950
6515,2938,699446877801091073,3200950
2384,577,699434518667751424,3200950
1505,383,699423671849451520,3200950
2258,688,699413908797464576,3200950
2053,497,699370870310113280,3200950
3466,983,699323444782047232,3200950
2451,715,699088579889332224,3200950
2677,745,699079609774645248,3200950
3296,1325,699072405256409088,3200950
4173,2059,699060279947165696,3200950
2863,1345,699036661657767936,3200950
3701,1113,698989035503689728,3200950
2975,1020,698953797952008193,3200950
2787,699,698907974262222848,3200950
2710,774,698710712454139905,3200950
1608,425,698703483621523456,3200950
1400,388,698635131305795584,3200950
2536,704,698549713696649216,3200950
2046,516,698355670425473025,3200950
2485,1074,698342080612007937,3200950
5214,2268,698262614669991936,3200950
18408,6750,698195409219559425,3200950
3084,830,698178924120031232,3200950
1665,372,697995514407682048,3200950
3592,1451,697990423684476929,3200950
2638,776,697943111201378304,3200950
3313,1337,697881462549430272,3200950
1909,614,697630435728322560,3200950
3467,1144,697616773278015490,3200950
3306,1425,697596423848730625,3200950
2250,572,697575480820686848,3200950
2281,1282,697516214579523584,3200950
2662,765,697482927769255936,3200950
3748,1552,697463031882764288,3200950
5131,2087,697270446429966336,3200950
3611,1136,697259378236399616,3200950
3316,1315,697255105972801536,3200950
2753,751,697242256848379904,3200950
3492,1156,696900204696625153,3200950
2594,758,696894894812565505,3200950
5317,2016,696886256886657024,3200950
2689,802,696877980375769088,3200950
1615,396,696754882863349760,3200950
2293,1069,696744641916489729,3200950
2613,757,696713835009417216,3200950
4274,1887,696518437233913856,3200950
1339,170,696490539101908992,3200950
2788,1166,696488710901260288,3200950
3531,1284,696405997980676096,3200950
2125,750,696100768806522880,3200950
3287,1320,695816827381944320,3200950
3490,880,695794761660297217,3200950
2060,854,695767669421768709,3200950
5020,2377,695629776980148225,3200950
4787,2026,695446424020918272,3200950
9460,4017,695409464418041856,3200950
4004,1675,695314793360662529,3200950
2888,684,695095422348574720,3200950
3116,1239,695074328191332352,3200950
1771,685,695064344191721472,3200950
2918,885,695051054296211456,3200950
2965,1043,694925794720792577,3200950
3046,1053,694905863685980160,3200950
26068,13517,694669722378485760,3200950
1653,328,694356675654983680,3200950
2244,700,694352839993344000,3200950
1727,557,694342028726001664,3200950
2203,569,694329668942569472,3200950
4582,2297,694206574471057408,3200950
3236,1040,694183373896572928,3200950
3705,1176,694001791655137281,3200950
2044,457,693993230313091072,3200950
1896,413,693942351086120961,3200950
2961,673,693647888581312512,3200950
1473,150,693644216740769793,3200950
2790,472,693642232151285760,3200950
2685,894,693629975228977152,3200950
1691,422,693622659251335168,3200950
5565,2233,693590843962331137,3200950
1802,292,693582294167244802,3200950
1941,698,693486665285931008,3200950
3669,1403,693280720173801472,3200950
2622,925,693267061318012928,3200950
2459,568,693262851218264065,3200950
3133,841,693231807727280129,3200950
8668,3622,693155686491000832,3200950
1889,695,693109034023534592,3200950
2056,523,693095443459342336,3200950
2926,838,692919143163629568,3200950
2683,998,692905862751522816,3200950
1971,682,692901601640583168,3200950
2511,910,692894228850999298,3200950
3148,998,692828166163931137,3200950
7496,4124,692752401762250755,3200950
4739,1737,692568918515392513,3200950
3504,1529,692535307825213440,3200950
2021,474,692530551048294401,3200950
1618,265,692423280028966913,3200950
10275,3917,692417313023332352,3200950
2768,929,692187005137076224,3200950
2369,896,692158366030913536,3200950
1798,438,692142790915014657,3200950
3724,1424,692041934689402880,3200950
3153,1081,692017291282812928,3200858
4329,1860,691820333922455552,3200950
8910,4732,691793053716221953,3200950
3179,1161,691756958957883396,3200950
2116,577,691675652215414786,3200950
2608,656,691483041324204033,3200950
4449,1294,691459709405118465,3200950
2890,955,691444869282295808,3200950
21253,8689,691416866452082688,3200950
2828,747,691321916024623104,3200951
3253,1019,691096613310316544,3200951
1867,385,691090071332753408,3200951
6513,3282,690989312272396288,3200951
3902,1421,690959652130045952,3200951
4536,2245,690938899477221376,3200951
3602,1143,690932576555528194,3200951
4134,1442,690735892932222976,3200951
2384,597,690728923253055490,3200951
2547,898,690690673629138944,3200951
1435,325,690649993829576704,3200951
313,19,690607260360429569,3200951
2163,681,690597161306841088,3200951
2041,509,690400367696297985,3200951
3560,972,690374419777196032,3200859
2925,1006,690360449368465409,3200951
1644,573,690348396616552449,3200951
1845,477,690248561355657216,3200951
3056,1180,690021994562220032,3200951
2740,836,690015576308211712,3200951
4004,1907,690005060500217858,3200950
1561,424,689999384604450816,3200950
1618,518,689993469801164801,3200858
1490,502,689977555533848577,3200950
2651,787,689905486972461056,3200950
3323,1344,689877686181715968,3200950
2369,850,689835978131935233,3200950
3501,1052,689661964914655233,3200951
11394,4412,689659372465688576,3200951
2467,748,689623661272240129,3200859
12795,6265,689599056876867584,3200951
2257,519,689557536375177216,3200951
3735,1609,689517482558820352,3200951
2476,1056,689289219123089408,3200951
3624,1250,689283819090870273,3200951
2197,819,689280876073582592,3200951
1273,285,689275259254616065,3200951
2805,1212,689255633275777024,3200951
3348,1128,689154315265683456,3200859
2232,579,689143371370250240,3200951
3003,983,688916208532455424,3200951
2310,874,688908934925697024,3200951
2307,890,688898160958271489,3200951
2462,792,688894073864884227,3200951
1508,420,688828561667567616,3200951
1043,227,688804835492233216,3200951
2434,759,688789766343622656,3200951
2862,789,688547210804498433,3200951
2520,825,688519176466644993,3200951
10180,5035,688385280030670848,3200951
2426,937,688211956440801280,3200951
2328,669,688179443353796608,3200951
3093,888,688116655151435777,3200951
1878,408,688064179421470721,3200951
6009,2872,687841446767013888,3200951
2989,1292,687826841265172480,3200951
2758,1080,687818504314159109,3200951
2625,801,687807801670897665,3200951
1935,750,687732144991551489,3200951
2660,950,687704180304273409,3200951
2121,576,687664829264453632,3200951
2104,654,687494652870668288,3200951
1760,281,687480748861947905,3200951
2187,619,687476254459715584,3200951
2243,614,687460506001633280,3200951
2081,702,687399393394311168,3200951
22073,10411,687317306314240000,3200859
4777,2146,687312378585812992,3200951
6004,2591,687127927494963200,3200951
2371,577,687124485711986689,3200951
6370,2803,687109925361856513,3200951
2571,1124,687102708889812993,3200951
2449,695,687096057537363968,3200951
9433,3582,686947101016735744,3200951
3852,1551,686760001961103360,3200950
3812,1666,686749460672679938,3200950
4543,1350,686730991906516992,3200950
3072,912,686683045143953408,3200950
4042,1544,686618349602762752,3200950
2071,607,686606069955735556,3200950
1928,769,686394059078897668,3200950
3553,996,686386521809772549,3200950
2433,637,686377065986265092,3200950
2398,776,686358356425093120,3200950
4392,1887,686286779679375361,3200950
2420,836,686050296934563840,3200950
1274,138,686035780142297088,3200950
3424,1324,686034024800862208,3200950
2704,472,686007916130873345,3200950
2009,735,686003207160610816,3200950
2326,611,685973236358713344,3200950
1801,696,685943807276412928,3200950
8277,3303,685906723014619143,3200950
2069,140,685681090388975616,3200950
2579,666,685667379192414208,3200950
3557,1656,685663452032069632,3200950
3218,885,685641971164143616,3200950
35052,17465,685547936038666240,3200950
3336,1298,685532292383666176,3200950
10471,4535,685325112850124800,3200950
2910,735,685321586178670592,3200950
3676,1234,685315239903100929,3200950
2262,496,685307451701334016,3200950
3419,1371,685268753634967552,3200950
2566,764,685198997565345792,3200950
4489,1620,685169283572338688,3200950
2374,421,684969860808454144,3200950
7004,3487,684959798585110529,3200950
3523,1191,684940049151070208,3200950
3849,552,684926975086034944,3200950
3848,1662,684914660081053696,3200950
2053,605,684902183876321280,3200950
2305,936,684880619965411328,3200950
38551,24514,684830982659280897,3200950
2979,1124,684800227459624960,3200950
9843,4016,684594889858887680,3200950
4489,1592,684588130326986752,3200950
3312,1418,684567543613382656,3200950
2915,1085,684538444857667585,3200950
4249,1320,684481074559381504,3200951
2169,628,684460069371654144,3200952
8999,3727,684241637099323392,3200952
1369,239,684225744407494656,3200952
4225,1563,684222868335505415,3200952
2394,1177,684200372118904832,3200860
2108,595,684195085588783105,3200952
3831,1343,684188786104872960,3200952
2215,764,684177701129875456,3200952
3265,1703,684147889187209216,3200952
2176,539,684122891630342144,3200952
4515,1621,684097758874210310,3200952
4163,1262,683857920510050305,3200952
2111,397,683852578183077888,3200952
2896,1116,683849932751646720,3200860
2880,1265,683834909291606017,3200952
3053,1195,683828599284170753,3200952
3684,1533,683773439333797890,3200952
7162,3781,683742671509258241,3200860
8058,3291,683515932363329536,3200952
3469,1095,683498322573824003,3200952
2878,1118,683481228088049664,3200952
2676,761,683462770029932544,3200952
4290,1837,683449695444799489,3200952
8356,2702,683391852557561860,3200952
3238,1059,683357973142474752,3200952
3162,1173,683142553609318400,3200952
3736,1034,683111407806746624,3200952
2361,736,683098815881154561,3200952
2176,634,683078886620553216,3200952
2370,832,683030066213818368,3200952
26239,15043,682962037429899265,3200952
1953,210,682808988178739200,3200952
2706,1258,682788441537560576,3200952
1674,494,682750546109968385,3200952
1440,397,682697186228989953,3200952
3326,1207,682662431982772225,3200952
2266,675,682638830361513985,3200952
3769,1320,682429480204398592,3200952
8319,2019,682406705142087680,3200952
2441,773,682393905736888321,3200952
1828,518,682389078323662849,3200952
3389,1135,682303737705140231,3200952
4578,1375,682259524040966145,3200952
3566,1341,682242692827447297,3200952
20108,11271,682088079302213632,3200952
5442,1915,682059653698686977,3200952
3525,1088,682047327939461121,3200952
7223,2294,682032003584274432,3200952
3464,1722,682003177596559360,3200952
3043,1161,681981167097122816,3200952
2706,951,681891461017812993,3200952
14010,4581,681694085539872773,3200952
1923,499,681679526984871937,3200952
2903,1045,681654059175129088,3200952
2100,533,681610798867845120,3200952
3893,1489,681579835668455424,3200952
15749,6620,681523177663676416,3200952
1803,313,681340665377193984,3200952
10202,4598,681339448655802368,3200952
2918,863,681320187870711809,3200952
4347,2072,681302363064414209,3200952
3490,1091,681297372102656000,3200952
3520,1258,681281657291280384,3200952
1597,308,681261549936340994,3200860
1645,624,681242418453299201,3200952
2629,540,681231109724700672,3200952
4077,1691,681193455364796417,3200952
2665,749,680970795137544192,3200952
4986,2243,680959110691590145,3200952
3544,1225,680940246314430465,3200952
2285,497,680934982542561280,3200952
2609,705,680913438424612864,3200952
1945,418,680889648562991104,3200952
3766,1513,680836378243002368,3200952
2370,751,680805554198020098,3200952
2600,925,680801747103793152,3200952
3134,1182,680798457301471234,3200952
2906,816,680609293079592961,3200952
3939,1514,680583894916304897,3200952
4639,2162,680497766108381184,3200952
1879,542,680494726643068929,3200953
2778,844,680473011644985345,3200953
1583,564,680440374763077632,3200953
1598,329,680221482581123072,3200953
3115,1323,680206703334408192,3200953
2356,577,680191257256136705,3200953
4263,1760,680176173301628928,3200953
2538,828,680161097740095489,3200953
3955,1972,680145970311643136,3200953
2519,1078,680130881361686529,3200953
2972,1028,680115823365742593,3200953
3891,1554,680100725817409536,3200953
13959,10034,680085611152338944,3200953
2818,994,680070545539371008,3200953
18278,8067,680055455951884288,3200953
2155,726,679877062409191424,3200953
2365,749,679872969355714560,3200953
2678,706,679862121895714818,3200953
3143,1402,679854723806179328,3200953
2593,887,679844490799091713,3200953
39726,15839,679828447187857408,3200953
3390,1281,679777920601223168,3200953
2311,918,679736210798047232,3200953
2367,937,679729593985699840,3200953
1817,539,679722016581222400,3200953
5208,2347,679530280114372609,3200953
2892,823,679527802031484928,3200953
3711,1461,679511351870550016,3200953
3484,1673,679503373272485890,3200953
2304,728,679475951516934144,3200953
34856,21324,679462823135686656,3200953
2594,1364,679405845277462528,3200953
23568,9193,679158373988876288,3200953
3028,1163,679148763231985668,3200953
3253,1314,679132435750195208,3200953
6514,2893,679111216690831360,3200953
18712,9299,679062614270468097,3200953
2460,781,679047485189439488,3200953
3075,1378,679001094530465792,3200953
2537,1333,678991772295516161,3200953
1796,528,678969228704284672,3200953
2810,1018,678800283649069056,3200953
3804,1350,678798276842360832,3200953
3037,1043,678774928607469569,3200953
3864,1553,678767140346941444,3200953
1788,544,678764513869611008,3200953
7802,3741,678755239630127104,3200953
4099,1926,678740035362037760,3200953
6082,2753,678708137298427904,3200953
3155,1680,678675843183484930,3200953
2250,489,678643457146150913,3200954
4358,1785,678446151570427904,3200954
5916,2880,678424312106393600,3200954
4640,2072,678410210315247616,3200954
61794,30742,678399652199309312,3200954
1731,478,678396796259975168,3200862
2044,473,678389028614488064,3200954
2655,1020,678380236862578688,3200954
1896,612,678341075375947776,3200954
1427,304,678334497360859136,3200954
12531,6857,678278586130948096,3200954
1726,418,678255464182861824,3200954
2095,439,678023323247357953,3200954
15018,7148,678021115718029313,3200954
3701,1879,677961670166224897,3200954
1476,463,677918531514703872,3200954
5275,2384,677895101218201600,3200954
3323,1104,677716515794329600,3200954
3689,1622,677700003327029250,3200954
1332,363,677698403548192770,3200954
2681,950,677687604918272002,3200954
3603,1677,677673981332312066,3200954
2134,1101,677662372920729601,3200954
2040,886,677644091929329666,3200953
2322,819,677573743309385728,3200953
1409,513,677565715327688705,3200953
2665,1322,677557565589463040,3200953
7568,4076,677547928504967168,3200953
1161,250,677530072887205888,3200953
3328,2017,677335745548390400,3200953
1477,328,677334615166730240,3200953
1189,265,677331501395156992,3200953
3938,1693,677328882937298944,3200953
1799,611,677314812125323265,3200953
1362,471,677301033169788928,3200953
2164,790,677269281705472000,3200953
3837,1840,677228873407442944,3200953
2981,1033,677187300187611136,3200953
3015,1203,676975532580409345,3201000
2395,907,676957860086095872,3201000
1413,448,676949632774234114,3201000
2354,980,676948236477857792,3201001
1844,426,676946864479084545,3201001
2261,855,676942428000112642,3201001
13809,5515,676936541936185344,3201001
3231,2002,676916996760600576,3201001
2426,817,676897532954456065,3201001
2294,808,676864501615042560,3201001
25124,17605,676821958043033607,3201001
1957,741,676819651066732545,3201001
1536,469,676811746707918848,3201001
5405,2249,676776431406465024,3201001
3149,1108,676617503762681856,3201001
1183,219,676613908052996102,3201002
2039,490,676606785097199616,3201002
1280,440,676603393314578432,3201002
4954,2410,676593408224403456,3201002
1001,142,676590572941893632,3201002
2533,896,676588346097852417,3201002
1310,312,676582956622721024,3201002
2807,1254,676575501977128964,3201002
2025,621,676533798876651520,3201002
1641,602,676496375194980353,3201002
12616,5224,676470639084101634,3201002
1863,748,676440007570247681,3201002
1526,385,676430933382295552,3201002
2243,609,676263575653122048,3201002
1335,331,676237365392908289,3201002
67100,31989,676219687039057920,3201002
1881,661,676215927814406144,3201002
2478,1145,676191832485810177,3201002
2077,744,676146341966438401,3201002
2335,1297,676121918416756736,3201002
3042,1284,676101918813499392,3201002
3279,1623,676098748976615425,3201002
1431,483,676089483918516224,3201002
1774,653,675898130735476737,3201002
2297,976,675891555769696257,3201002
2581,1067,675888385639251968,3201002
4531,1570,675878199931371520,3201002
1783,632,675870721063669760,3200910
2927,1460,675853064436391936,3201002
1027,172,675849018447167488,3201002
2477,1000,675845657354215424,3201002
1652,591,675822767435051008,3201002
1140,260,675820929667219457,3201002
11101,3787,675798442703122432,3201002
1750,537,675781562965868544,3201002
1257,388,675740360753160193,3201002
2046,928,675710890956750848,3201002
2154,771,675707330206547968,3201002
693,106,675706639471788032,3201002
1953,470,675534494439489536,3201002
1276,428,675531475945709568,3201002
1122,316,675522403582218240,3201002
1414,507,675517828909424640,3201002
18482,6485,675501075957489664,3201002
3397,1443,675497103322386432,3201002
1406,672,675489971617296384,3201002
1985,1081,675483430902214656,3201002
1623,627,675432746517426176,3201002
1838,563,675372240448454658,3201002
1136,262,675362609739206656,3201002
35178,18963,675354435921575936,3201003
4237,2532,675349384339542016,3201003
3007,1436,675334060156301312,3201003
3920,1795,675166823650848770,3201003
6072,2734,675153376133427200,3201003
4037,1878,675149409102012420,3201003
1026,273,675147105808306176,3201003
1300,349,675146535592706048,3201003
2305,1011,675145476954566656,3201003
1398,542,675135153782571009,3201003
2120,877,675113801096802304,3201003
1042,283,675111688094527488,3201003
3006,1259,675109292475830276,3201003
1141,366,675047298674663426,3201003
2918,1335,675015141583413248,3201003
1057,252,675006312288268288,3201003
1672,517,675003128568291329,3201003
2433,1232,674999807681908736,3201003
934,391,674805413498527744,3201003
3240,949,674800520222154752,3201003
2697,1225,674793399141146624,3201003
1180,278,674790488185167872,3201003
871,230,674788554665512960,3201004
2169,1335,674781762103414784,3201004
1213,532,674774481756377088,3201004
1981,883,674767892831932416,3201004
852,263,674764817387900928,3201004
1456,488,674754018082705410,3201004
1580,516,674752233200820224,3201004
1514,607,674743008475090944,3201004
527,55,674742531037511680,3201004
1194,437,674739953134403584,3201004
693,103,674737130913071104,3201004
1237,510,674690135443775488,3201004
1751,729,674670581682434048,3201004
994,276,674664755118911488,3201003
1533,557,674646392044941312,3201003
1111,311,674644256330530816,3201003
1806,650,674638615994089473,3201003
1617,637,674632714662858753,3201003
1013,115,674606911342424069,3201003
6676,2275,674468880899788800,3201003
1137,393,674447403907457024,3201003
1198,426,674436901579923456,3201003
1536,592,674422304705744896,3201003
731,157,674416750885273600,3201003
1289,515,674410619106390016,3201003
1607,635,674394782723014656,3201003
931,346,674372068062928900,3201003
602,83,674330906434379776,3201003
1516,570,674318007229923329,3201003
12129,7641,674307341513269249,3201003
15817,6533,674291837063053312,3201003
1682,800,674271431610523648,3201003
961,255,674269164442398721,3201003
1766,936,674265582246694913,3201003
1391,498,674262580978937856,3201003
1581,619,674255168825880576,3201003
804,186,674082852460433408,3201003
1047,316,674075285688614912,3201003
6769,2450,674063288070742018,3201003
3576,1441,674053186244734976,3201004
1564,530,674051556661161984,3201004
1520,710,674045139690631169,3201004
772,142,674042553264685056,3201004
1176,456,674038233588723717,3201004
906,240,674036086168010753,3201004
1914,1360,674024893172875264,3201004
1208,340,674019345211760640,3201004
1676,714,674014384960745472,3201004
1297,393,674008982932058114,3201004
2091,1069,673956914389192708,3201004
1251,401,673919437611909120,3201004
3406,1799,673906403526995968,3201004
994,274,673887867907739649,3201004
3289,843,673716320723169284,3201004
3815,2303,673715861853720576,3201004
1114,325,673711475735838725,3201004
908,306,673709992831262724,3201004
1153,315,673708611235921920,3201004
1177,434,673707060090052608,3201004
1337,439,673705679337693185,3201004
1532,638,673700254269775872,3201004
4067,2165,673697980713705472,3201004
1855,700,673689733134946305,3201004
1325,534,673688752737402881,3201004
1544,479,673686845050527744,3201004
1460,521,673680198160809984,3201004
1339,397,673662677122719744,3201004
769,265,673656262056419329,3201004
1194,404,673636718965334016,3201004
1691,802,673612854080196609,3201004
1273,403,673583129559498752,3201004
882,297,673580926094458881,3201004
1482,613,673576835670777856,3201004
1088,338,673363615379013632,3201004
1558,728,673359818736984064,3201004
1606,652,673355879178194945,3201004
1761,597,673352124999274496,3201004
784,229,673350198937153538,3201004
2700,1422,673345638550134785,3201004
1038,289,673343217010679808,3201004
1362,649,673342308415348736,3201004
14441,8705,673320132811366400,3201004
924,293,673317986296586240,3201004
8046,3484,673295268553605120,3201004
1134,400,673270968295534593,3201004
1510,798,673240798075449344,3201004
2410,929,673213039743795200,3201005
1822,688,673148804208660480,3201005
2092,786,672997845381865473,3201005
1001,328,672995267319328768,3201005
1039,314,672988786805112832,3201005
1338,593,672984142909456390,3201005
1930,1079,672980819271634944,3200913
1813,1015,672975131468300288,3201005
1019,391,672970152493887488,3201005
1405,602,672968025906282496,3201005
1530,701,672964561327235073,3201005
1452,550,672902681409806336,3201005
944,459,672898206762672129,3201005
1661,897,672884426393653248,3201005
1096,405,672877615439593473,3201005
1398,623,672834301050937345,3201005
1343,533,672828477930868736,3201005
1032,348,672640509974827008,3201005
1377,542,672622327801233409,3201005
1302,644,672614745925664768,3201005
1180,424,672609152938721280,3201005
1188,445,672604026190569472,3201005
1411,661,672594978741354496,3201005
1014,367,672591762242805761,3201005
782,207,672591271085670400,3201005
1089,404,672538107540070400,3201006
696,189,672523490734551040,3201006
1187,482,672488522314567680,3201006
1221,665,672482722825261057,3201006
757,137,672481316919734272,3201006
1529,770,672475084225949696,3201006
1447,598,672466075045466113,3201006
6888,3677,672272411274932228,3201006
1588,666,672267570918129665,3201006
1212,383,672264251789176834,3201006
2999,1699,672256522047614977,3201006
1515,800,672254177670729728,3201006
1833,656,672248013293752320,3201006
733,169,672245253877968896,3201006
953,347,672239279297454080,3201006
1956,1089,672231046314901505,3201006
833,231,672222792075620352,3201006
2414,1270,672205392827572224,3201006
1074,408,672169685991993344,3201006
918,395,672160042234327040,3201006
1876,792,672139350159835138,3201006
2578,1253,672125275208069120,3201006
1063,395,672095186491711488,3201006
1003,402,672082170312290304,3201006
1389,564,672068090318987265,3201006
9016,4519,671896809300709376,3201006
1415,618,671891728106971137,3201006
3693,1488,671882082306625538,3201006
1507,748,671879137494245376,3201006
1330,601,671874878652489728,3201006
1191,548,671866342182637568,3201006
977,502,671855973984772097,3201006
7527,3811,671789708968640512,3201006
1269,572,671768281401958400,3201006
1788,999,671763349865160704,3201006
1430,841,671744970634719232,3201006
779,248,671743150407421952,3201006
1534,819,671735591348891648,3201006
9119,4795,671729906628341761,3201006
13679,7931,671561002136281088,3201006
967,229,671550332464455680,3201006
1444,658,671547767500775424,3201006
2126,1145,671544874165002241,3201006
1166,616,671542985629241344,3201007
993,436,671538301157904385,3201007
1253,441,671536543010570240,3201007
1092,631,671533943490011136,3201007
896,280,671528761649688577,3201007
1499,582,671520732782923777,3201007
1010,319,671518598289059840,3201007
1734,791,671511350426865664,3201007
7495,3866,671504605491109889,3201007
980,481,671497587707535361,3201007
1073,516,671488513339211776,3201007
621,226,671486386088865792,3201007
806,253,671485057807351808,3201007
1513,805,671390180817915904,3201007
1193,325,671362598324076544,3201007
426,157,671357843010908160,3201007
508,119,671355857343524864,3201008
1031,476,671347597085433856,3201008
788,241,671186162933985280,3201008
1193,378,671182547775299584,3201008
931,390,671166507850801152,3201008
1763,1198,671163268581498880,3201008
401,89,671159727754231808,3201008
769,241,671154572044468225,3201008
714,166,671151324042559489,3201008
713,254,671147085991960577,3201008
1246,713,671141549288370177,3201008
996,448,671138694582165504,3201008
796,212,671134062904504320,3201008
3729,2763,671122204919246848,3201008
1436,842,671115716440031232,3201008
1225,478,671109016219725825,3201008
1175,317,670995969505435648,3201008
7989,4324,670842764863651840,3201008
634,213,670840546554966016,3201008
1189,758,670838202509447168,3201008
474,135,670833812859932673,3201008
780,242,670832455012716544,3201008
5961,4485,670826280409919488,3201008
824,205,670823764196741120,3201008
647,105,670822709593571328,3201008
3410,1708,670815497391357952,3201008
1202,295,670811965569282048,3201008
1234,546,670807719151067136,3201008
2098,1035,670804601705242624,3201008
362,95,670803562457407488,3201008
780,262,670797304698376195,3201008
889,298,670792680469889025,3201008
700,255,670789397210615808,3201008
640,218,670786190031921152,3201008
872,431,670783437142401025,3201008
1691,863,670782429121134593,3201008
831,317,670780561024270336,3201008
345,77,670778058496974848,3201008
1154,466,670764103623966721,3201008
475,123,670755717859713024,3201008
1030,558,670733412878163972,3201008
887,403,670727704916926465,3201009
1301,547,670717338665226240,3201009
814,405,670704688707301377,3201009
632,266,670691627984359425,3201009
799,315,670679630144274432,3201009
267,45,670676092097810432,3201009
11452,5537,670668383499735048,3201009
1635,835,670474236058800128,3201009
375,90,670468609693655041,3201009
1048,608,670465786746662913,3201009
580,225,670452855871037440,3201009
1264,729,670449342516494336,3201009
7120,2153,670444955656130560,3201009
690,213,670442337873600512,3201009
1127,570,670435821946826752,3201009
1501,708,670434127938719744,3201009
345,122,670433248821026816,3201009
1484,694,670428280563085312,3201009
551,179,670427002554466305,3201009
1415,709,670421925039075328,3201009
668,342,670420569653809152,3201009
604,350,670417414769758208,3201010
2176,991,670411370698022913,3201010
600,249,670408998013820928,3201010
460,173,670403879788544000,3201010
593,234,670385711116361728,3201010
785,295,670374371102445568,3201010
344,71,670361874861563904,3201010
451,122,670338931251150849,3201010
4110,1359,670319130621435904,3201010
452,151,670303360680108032,3201010
750,315,670290420111441920,3201010
1106,365,670093938074779648,3201010
740,275,670086499208155136,3201010
2390,1373,670079681849372674,3201010
1674,874,670073503555706880,3201010
676,278,670069087419133954,3201010
822,373,670061506722140161,3201010
716,357,670055038660800512,3200918
684,191,670046952931721218,3201011
801,118,670040295598354432,3201011
625,306,670037189829525505,3201011
352,100,670003130994700288,3201011
344,92,669993076832759809,3201011
471,175,669972011175813120,3201011
317,65,669970042633789440,3201011
536,183,669942763794931712,3201011
400,115,669926384437997569,3201011
250,64,669923323644657664,3201011
858,431,669753178989142016,3201011
289,71,669749430875258880,3201011
551,99,669684865554620416,3201011
412,119,669683899023405056,3201011
375,146,669682095984410625,3201011
712,311,669680153564442624,3201011
860,482,669661792646373376,3201011
3769,1963,669625907762618368,3201011
1006,401,669603084620980224,3201011
550,163,669597912108789760,3201011
1587,1017,669583744538451968,3201011
467,156,669573570759163904,3201011
1684,1085,669571471778410496,3201011
248,61,669567591774625800,3201011
413,133,669564461267722241,3201011
383,83,669393256313184256,3201012
1425,792,669375718304980992,3201012
524,196,669371483794317312,3201012
485,172,669367896104181761,3201012
669,252,669363888236994561,3201012
390,134,669359674819481600,3201012
2889,1390,669354382627049472,3201012
687,281,669353438988365824,3201012
474,207,669351434509529089,3201012
1081,452,669328503091937280,3201012
610,127,669327207240699904,3201012
525,223,669324657376567296,3201012
958,422,669216679721873412,3201012
468,183,669214165781868544,3201012
1074,522,669203728096960512,3201012
698,336,669037058363662336,3201012
785,403,669015743032369152,3201012
610,269,669006782128353280,3201012
22118,6965,669000397445533696,3201012
468,254,668994913074286592,3201012
802,381,668992363537309700,3201012
726,356,668989615043424256,3201012
961,516,668988183816871936,3201012
578,183,668986018524233728,3201013
573,340,668981893510119424,3201014
842,382,668979806671884288,3201014
1386,641,668975677807423489,3201014
161,25,668967877119254528,3201014
757,263,668960084974809088,3201014
300,77,668955713004314625,3201014
284,63,668932921458302977,3201014
338,107,668902994700836864,3201014
422,164,668892474547511297,3201014
566,322,668872652652679168,3201014
479,184,668852170888998912,3201014
467,150,668826086256599040,3201014
610,291,668815180734689280,3201014
749,409,668779399630725120,3201014
562,233,668655139528511488,3201014
962,588,668645506898350081,3201014
939,576,668643542311546881,3201014
1145,573,668641109086707712,3201014
1114,528,668636665813057536,3201014
3024,1788,668633411083464705,3201014
763,349,668631377374486528,3201014
341,123,668627278264475648,3201014
417,140,668625577880875008,3201014
1551,851,668623201287675904,3201014
211,45,668620235289837568,3201014
654,341,668614819948453888,3201014
1760,1174,668587383441514497,3201014
265,62,668567822092664832,3201014
561,250,668544745690562560,3201014
497,231,668542336805281792,3201014
265,79,668537837512433665,3201014
496,242,668528771708952576,3201014
345,116,668507509523615744,3201014
436,146,668496999348633600,3201014
453,253,668484198282485761,3201014
491,162,668480044826800133,3201015
936,560,668466899341221888,3201015
656,319,668297328638447616,3201015
264,34,668291999406125056,3201015
535,149,668286279830867968,3201015
886,248,668274247790391296,3201015
592,261,668268907921326080,3201015
1385,667,668256321989451776,3201015
1056,523,668248472370458624,3201015
6614,3100,668237644992782336,3201015
323,115,668226093875376128,3201015
537,215,668221241640230912,3201015
586,206,668204964695683073,3201015
696,210,668190681446379520,3201015
525,208,668171859951755264,3201015
522,336,668154635664932864,3201015
592,306,668142349051129856,3201015
709,265,668113020489474048,3201015
1356,866,667937095915278337,3201015
318,119,667924896115245057,3201015
222,59,667915453470232577,3201015
523,329,667911425562669056,3201015
905,396,667902449697558528,3201015
2011,1180,667886921285246976,3201015
868,530,667885044254572545,3201015
409,127,667878741721415682,3201015
667,440,667873844930215936,3201016
3172,1110,667866724293877760,3201016
253,86,667861340749471744,3201016
303,68,667832474953625600,3201016
1111,535,667806454573760512,3201016
346,101,667801013445750784,3201016
736,358,667793409583771648,3201016
434,261,667782464991965184,3201016
243,61,667773195014021121,3201016
476,243,667766675769573376,3201016
398,162,667728196545200128,3201016
517,341,667724302356258817,3201016
0,37,667550904950915073,3201016
0,34,667550882905632768,3201016
6138,2454,667549055577362432,3201016
355,138,667546741521195010,3201016
917,568,667544320556335104,3201016
220,72,667538891197542400,3201016
866,576,667534815156183040,3201016
501,264,667530908589760512,3201016
1798,1198,667524857454854144,3201016
389,203,667517642048163840,3201016
7148,2272,667509364010450944,3201016
563,231,667502640335572993,3201016
565,294,667495797102141441,3201016
559,242,667491009379606528,3201016
273,102,667470559035432960,3201016
203,66,667455448082227200,3201016
327,96,667453023279554560,3201016
833,620,667443425659232256,3201016
483,257,667437278097252352,3201016
326,89,667435689202614272,3201016
489,234,667405339315146752,3201016
211,60,667393430834667520,3201016
385,173,667369227918143488,3201017
516,258,667211855547486208,3201017
658,282,667200525029539841,3201017
414,115,667192066997374976,3201017
784,449,667188689915760640,3201017
15075,6618,667182792070062081,3201017
200,58,667177989038297088,3201017
640,484,667176164155375616,3201017
262,88,667174963120574464,3201017
235,97,667171260800061440,3201017
2819,1241,667165590075940865,3201017
268,66,667160273090932737,3201017
49720,18285,667152164079423490,3201017
4851,2387,667138269671505920,3201017
346,135,667119796878725120,3201018
349,132,667090893657276420,3201018
425,134,667073648344346624,3201018
88,14,667070482143944705,3201018
175,51,667065535570550784,3201018
227,57,667062181243039745,3201018
198,54,667044094246576128,3201018
471,237,667012601033924608,3201018
258,102,666996132027977728,3201018
2679,1040,666983947667116034,3201018
857,584,666837028449972224,3201018
222,83,666835007768551424,3201018
266,105,666826780179869698,3201018
540,267,666817836334096384,3201018
250,95,666804364988780544,3201018
800,521,666786068205871104,3201018
404,211,666781792255496192,3201018
368,186,666776908487630848,3201018
244,71,666739327293083650,3201018
449,234,666701168228331520,3201018
196,51,666691418707132416,3201018
923,608,666649482315059201,3201017
238,88,666644823164719104,3201017
545,223,666454714377183233,3201017
107,23,666447344410484738,3201017
131,52,666437273139982337,3201017
170,54,666435652385423360,3201017
330,204,666430724426358785,3201017
171,90,666428276349472768,3201017
327,118,666421158376562688,3201017
129,48,666418789513326592,3201017
459,339,666411507551481857,3201017
113,44,666407126856765440,3201018
172,92,666396247373291520,3201018
194,100,666373753744588802,3201018
804,595,666362758909284353,3201018
229,77,666353288456101888,3201018
307,146,666345417576210432,3201018
204,96,666337882303524864,3201018
522,368,666293911632134144,3201018
152,71,666287406224695296,3201018
184,82,666273097616637952,3201018
108,37,666268910803644416,3201018
14765,6871,666104133288665088,3201018
81,16,666102155909144576,3201018
164,73,666099513787052032,3201018
169,79,666094000022159362,3201018
121,47,666082916733198337,3201018
335,174,666073100786774016,3201018
154,67,666071193221509120,3201018
496,232,666063827256086533,3201018
115,61,666058600524156928,3201018
304,146,666057090499244032,3201018
448,261,666055525042405380,3201018
1253,879,666051853826850816,3201018
136,60,666050758794694657,3201018
111,41,666049248165822465,3201018
311,147,666044226329800704,3201018
128,47,666033412701032449,3201018
132,48,666029285002620928,3201018
2535,532,666020888022790149,3201018
